"Your ""ID""", [mango], [banana chocolate], [black cherry], [apple pie], [coconut], [chocoloate], [mint chip], [peach], [French vanilla], [coffee], [lime], [lemon], [eggnog], [ginger], [avacado], [sea salt caramel], [pistachio], [strawberry], [butter pecan], [vanilla chai], [blueberry], [smurf], [rose], [peanut butter], [malaga], [pineapple], [melon], [orange], [chocolate chip cookie dough], [rocky road], [strawberry cheesecake], [peppermint], [cotton candy], [lemon custard], [hazelnut], [tiramisu], [gingerbread], [green tea], [pear], [guava], [pomegranate], [papaya], [pink grapefruit], [kiwi], [bubble gum], [stracciatella], [jalapeño], [watermelon], [grape], [fudge ripple]
eijer,9,8,7,7,3,3,3,3,5,7,7,4,4,4,9,9,7,1,1,1,1,1,5,5,6,7,7,7,6,6,6,1,1,5,5,6,7,7,7,6,1,9,1,1,9,9,2,4,6,7
walbo,7,6,8,4,3,7,4,6,8,2,8,9,2,1,1,9,8,8,7,8,8,2,6,7,6,7,7,7,9,5,6,3,3,7,6,4,3,6,7,5,7,6,6,5,3,8,1,7,6,6
leibb,3,9,5,5,7,9,9,1,9,6,1,5,1,1,1,9,8,5,9,9,4,9,1,7,1,5,3,2,9,6,6,5,8,3,9,7,5,5,1,3,3,1,5,1,2,8,1,3,2,8
janse,2,2,1,1,3,4,9,3,2,2,2,2,1,1,1,5,6,2,4,4,2,1,1,6,5,2,2,1,4,4,5,8,1,1,7,5,5,4,1,1,1,1,1,1,1,6,1,1,1,1
zlatk,,,,,,3,,,,,,,,,,,,,,,,,,,,,,,3,,,,,,,,,,,,,,,,,3,,,,
Leven,9,9,1,1,1,9,1,9,1,1,1,1,1,1,9,9,1,9,1,1,1,1,1,9,1,9,9,1,9,1,1,1,1,1,1,1,1,1,9,1,1,1,1,9,9,9,1,9,9,1
darba,6,8,4,4,2,9,6,7,7,8,6,6,3,2,5,5,8,9,7,5,8,7,5,5,5,5,5,6,8,8,8,5,6,6,8,9,7,6,5,6,6,6,5,5,5,5,4,5,5,6
bruin,,5,,3,,5,,2,1,,,,,,,4,,7,,,5,,,2,,,1,,2,,,,,,,,,,9,,,,,,,,2,,2,
civas,,,,,,,,,,,,,,,,1,,,,,,,,1,,,3,,,,,,,,,,,,,,,,,,,,,7,,
matul,,2,,,,1,,,,,,,,,,,,1,,3,,,,,,,,,2,,2,,,,,,,,,,,,,,,,,,,
Swast,5,2,8,6,1,7,2,7,5,8,8,8,4,1,1,2,2,7,6,5,9,2,2,2,2,2,2,7,8,4,9,4,4,7,8,8,3,3,6,6,6,1,4,8,5,5,1,3,8,6
becht,1,1,1,1,1,1,1,1,1,,1,1,,1,1,1,1,1,,,1,1,1,,1,1,1,1,7,1,1,1,1,1,1,,1,1,1,1,1,1,1,1,1,1,1,1,1,1
Stree,1,2,1,1,,2,2,,2,2,,,1,,,3,2,1,1,1,,,,2,2,,,,3,1,1,1,,,1,2,,,,,,,,,,2,,,,2
jongg,,4,,2,3,4,,,,5,3,,,,,,8,,5,,,,,1,,,,,3,,3,4,1,,6,3,,,,,,,,,,7,,,,
omrii,6,7,3,7,4,6,5,5,6,3,1,1,6,4,2,9,6,5,9,8,5,1,7,8,5,5,7,7,9,8,6,3,6,5,6,5,3,4,5,3,3,6,3,7,5,6,2,7,6,7
ruijs,8,3,3,4,5,4,3,6,6,6,8,8,2,2,3,7,5,6,3,5,3,2,2,1,2,6,3,8,8,5,7,4,3,8,8,8,3,1,1,2,2,5,6,3,1,7,2,3,8,6
kargu,2,1,1,1,2,1,1,2,1,1,3,1,1,3,2,1,1,1,1,2,1,1,1,,3,3,1,1,1,3,1,1,,3,4,4,,1,1,1,1,3,1,1,1,3,1,2,2,3
chakr,1,2,2,1,3,9,2,4,3,5,2,1,1,1,2,4,4,5,5,4,4,6,3,4,1,5,3,2,9,7,3,1,1,4,2,5,3,2,1,,1,1,2,1,3,1,2,4,1,5
rahma,1,2,3,4,5,6,7,8,9,8,7,6,5,4,3,2,1,2,3,4,5,6,7,8,9,8,7,6,5,4,3,2,1,2,3,4,5,6,7,8,9,8,7,6,5,4,3,2,1,2
Radde,3,1,,2,,,,,1,,,,,,,3,,,,,1,,,,1,1,2,2,3,2,,,,,,,,,2,,,,,,,,,,,1
dixit,1,2,3,4,5,6,7,8,9,8,7,6,5,4,3,2,1,2,3,4,5,6,7,8,9,8,7,6,5,4,3,2,1,2,3,4,5,6,7,8,9,8,7,6,5,4,3,2,1,2
licht,5,1,1,1,1,5,1,1,9,1,1,3,1,1,1,1,1,1,1,1,1,1,1,1,1,1,1,1,3,1,2,1,1,1,1,2,1,1,1,1,1,1,1,1,1,2,1,1,1,1
jiang,,,,,,,1,1,,,,,,,1,,,,,,,1,1,,,,,,,1,,,,,,,,2,,,,,,1,1,,,,,
toorn,1,4,1,1,1,4,1,1,1,1,1,1,1,1,1,2,1,1,1,1,1,2,1,1,1,1,1,1,3,1,1,1,1,1,1,1,1,1,1,1,1,1,1,1,1,1,1,1,1,1
juuuu,1,3,1,1,1,1,3,4,3,7,5,5,5,2,1,3,5,1,1,4,1,1,5,1,6,6,1,1,7,3,1,9,9,1,1,5,1,9,1,3,1,2,2,1,3,7,4,8,1,1
ElElA,1,1,2,2,3,3,4,4,5,5,6,6,7,7,8,8,9,9,8,8,7,7,6,6,5,5,4,4,3,3,2,2,1,1,2,2,3,3,4,4,5,5,6,6,7,7,8,8,9,9
heeeee,,1,4,,,,,,1,4,,,,1,,,3,6,,,3,8,,,,5,,1,,,,1,,,,,,,,1,1,,1,1,,,,3,,1
Vecer,2,,,,,,,,3,,9,9,,,,,,4,,,2,,,2,,,,3,2,,,,3,,2,,,,,,,,3,,2,,,,1,
vanVeen,,,,,,,,,,,,,,,,,,5,,,,2,,,,5,,3,,,,,,,,,,,4,,,,4,,,,,,,
huize,4,,6,,,2,,,,,6,7,8,,,1,1,1,1,,,4,3,5,,,,,1,1,1,,,9,,9,,9,,,,,2,9,2,2,9,,,
lindh,3,2,2,2,2,6,5,3,7,2,4,4,2,1,1,6,8,5,3,3,3,2,2,2,2,4,4,3,3,3,3,5,4,3,6,6,3,3,3,3,3,3,3,5,2,5,2,5,2,2
Azade,9,5,5,7,6,5,2,5,4,3,3,1,1,2,1,4,9,6,2,3,5,2,3,2,2,6,6,2,3,1,5,2,3,2,5,4,2,1,4,2,6,3,3,3,3,4,1,6,3,3
eriks,,1,,2,,2,,,,3,,,,,,4,,,,,,,,,,,,,3,,,,,,,4,,,,,,,,,,2,,,,2
massa,1,1,1,2,1,1,1,1,1,2,1,3,3,2,1,1,1,1,1,2,1,1,2,1,1,1,1,1,1,1,1,1,1,2,1,2,1,4,1,1,1,1,3,3,1,1,1,1,3,1
lanzi,,,,,4,5,,,,,,,,,,3,6,,,,,,,1,,,,,,,,,,,5,,,,,1,,,,,,1,,,,
Devin,1,3,2,1,1,9,4,3,5,6,4,2,4,6,1,4,7,8,3,2,7,8,3,2,2,6,7,8,8,3,3,1,3,7,2,1,9,2,7,9,1,1,8,8,7,9,1,6,2,9
nenov,2,3,4,2,4,3,5,2,4,5,3,3,2,3,1,5,4,3,3,4,3,1,2,3,2,3,2,3,1,2,1,4,1,2,3,3,2,3,1,2,1,2,3,2,1,4,1,1,2,2
juhos,3,2,3,,,,,1,,,,1,2,,,,,2,,,2,,,,,3,,,,,3,,,,,2,,1,1,,,,,3,,,,,,
wieme,1,4,3,2,1,3,4,1,1,5,5,5,3,4,2,5,5,2,3,2,4,2,1,5,3,1,1,2,6,3,4,3,1,5,1,6,5,2,1,1,2,1,2,1,1,4,1,3,2,4
neut_,2,,,1,,1,,,,,,1,,,,1,,,,,1,,,,,1,1,1,1,,,,,,,,,,,,,,1,1,,,,,,
weste,3,4,5,1,3,7,6,1,1,9,6,7,5,6,7,7,2,1,4,4,2,1,5,2,5,2,1,1,7,6,1,3,1,2,3,5,7,7,1,1,4,5,3,4,1,8,1,1,1,5
Hilal,8,2,4,6,7,6,6,7,4,5,1,1,2,2,7,5,9,8,3,6,7,1,2,1,3,4,7,6,2,5,3,9,2,2,6,5,1,8,1,3,2,8,6,6,2,2,2,9,7,2
markh,2,1,2,3,1,4,2,3,2,1,4,5,1,1,1,4,2,5,1,1,3,2,2,1,1,2,4,3,9,2,5,2,3,1,1,6,1,3,1,3,1,1,2,1,1,4,1,4,1,1
vilci,4,,,,,,,,2,2,2,3,,,,5,4,2,,,4,,,,,,5,2,4,7,,,,,,,,,,,,,,,3,,,,,
wangg,1,,1,,1,,1,1,1,1,,,1,1,1,,1,,,1,,,1,,,,,,,1,,,,,,,,1,,,1,1,,,,1,1,,,
Catl,2,,,1,,,,,,,,,,,9,,,,,,,9,3,9,,,,,4,,,,,,,,,,9,,,,,,,3,9,,,
Pande,5,,,3,,,5,4,,1,3,2,,,,3,,,,,,,,,,4,,,,3,3,3,,,,,,,,,,,,,,,,,,
nulle,5,1,1,3,1,2,3,9,7,7,8,8,1,1,1,7,6,9,5,6,5,2,1,3,4,9,9,9,9,5,7,1,2,2,2,2,1,1,4,6,2,5,4,5,1,8,1,6,4,8
farooq,,,,,,,,,2,,,,3,,,,,,,,,3,,,,,,,5,,,,1,,,1,,,,,,,,,1,,,,,
culea,8,4,7,9,5,9,5,9,6,2,5,5,4,6,7,9,9,9,7,3,9,6,6,4,1,9,8,4,9,7,9,5,3,8,7,6,5,4,7,6,7,6,5,8,4,8,1,9,8,9
Alten,8,8,4,3,4,8,5,5,8,2,3,5,1,1,3,1,2,4,5,5,4,5,5,4,5,6,7,7,7,7,5,5,4,4,3,5,4,3,5,5,5,5,4,4,2,8,4,6,3,6
struh,1,,,,1,,,,,1,1,1,,,,1,,,1,,,,1,1,,1,,,1,,,,,,,1,,1,,,1,,1,1,,,1,,,
Alecc,2,3,3,4,1,3,1,3,2,3,3,3,1,2,2,2,1,5,1,2,3,2,2,5,2,1,3,5,7,4,5,1,2,2,1,3,2,4,1,2,2,1,2,3,1,5,1,2,3,2
zeils,4,1,6,5,1,3,4,1,1,5,6,6,1,5,1,7,2,1,3,1,3,1,6,6,1,1,1,6,9,7,1,5,4,9,3,6,7,8,3,2,2,1,2,1,3,3,4,5,6,6
marin,1,3,1,1,1,7,2,1,1,1,1,1,1,1,1,1,1,2,1,1,1,1,1,1,1,2,1,1,2,1,1,1,1,1,1,3,1,1,1,1,1,1,1,1,2,2,1,1,1,2
oudee,7,5,4,6,5,4,4,7,6,5,6,4,1,2,2,8,6,8,5,6,4,3,4,1,4,5,8,6,8,4,6,4,2,4,3,6,4,2,7,4,4,4,3,5,3,8,1,7,6,6
vande,3,2,2,1,1,3,1,3,4,1,1,1,1,1,1,1,1,9,1,1,1,1,1,1,1,5,1,2,3,1,4,1,1,2,1,2,1,1,4,1,2,1,1,4,1,5,1,3,3,1
zhuuu,9,1,4,1,1,1,1,1,1,1,1,3,1,1,1,1,1,4,1,1,6,1,1,1,1,4,5,7,1,1,6,1,1,1,1,1,1,7,1,1,1,1,1,1,1,1,1,6,1,1
Basti,1,2,3,3,3,7,6,,8,4,4,4,1,3,1,4,1,4,1,4,2,1,1,1,2,2,4,4,8,8,5,6,3,4,7,4,3,6,4,3,3,2,2,1,1,9,4,4,3,3
huize,1,1,1,1,1,3,2,4,5,4,3,3,3,2,2,2,2,2,2,2,2,2,3,2,2,2,2,2,2,3,4,2,3,8,8,9,9,9,9,9,9,9,9,9,9,6,2,4,3,6
acqua,4,1,3,2,2,4,2,6,1,2,4,5,1,2,1,1,1,3,1,2,3,1,2,1,1,3,3,3,1,1,2,1,1,1,3,4,1,1,2,2,6,5,5,5,1,4,2,2,3,1
holte,,,2,1,,3,,1,,,3,5,,,2,,,,,,2,,,2,,1,1,1,,,1,2,,,1,,1,2,1,1,,1,,3,,,,1,2,
Kindt,,,1,3,,,,,1,,1,1,,,,3,,1,3,,,,,,,,,,8,,8,,,4,,,,,2,,,,,,,,,,,3
Matus,9,1,1,1,9,6,,2,3,1,4,1,,1,,6,4,3,2,1,4,,1,1,,4,3,2,2,1,2,,,,6,1,,1,1,,1,1,1,4,1,6,,2,1,1
Simon,6,9,9,1,5,6,1,6,6,2,2,3,2,1,1,5,3,3,2,3,5,2,2,1,2,3,6,3,3,4,5,1,3,2,3,2,1,2,4,2,2,3,2,3,5,4,2,2,4,1
brouw,6,8,7,7,3,9,2,7,5,6,6,5,3,2,3,7,8,7,6,7,6,3,4,4,5,4,3,5,9,8,7,5,4,5,7,5,1,5,7,5,5,5,5,1,3,7,5,6,3,5
Zwane,3,,,,,,,4,,1,3,4,,,,,3,1,,,2,,,,,1,,,,,,,,,,,,1,1,,,,,2,,,,,1,
Gieli,5,8,7,7,3,9,2,6,5,6,5,5,3,2,3,7,8,7,6,7,6,3,4,4,5,4,3,5,9,8,7,5,4,5,7,5,1,5,7,4,5,6,5,4,3,7,5,7,3,6
charl,1,1,1,1,1,1,1,1,1,1,1,1,1,1,1,1,1,1,1,1,1,1,1,1,1,1,1,1,1,1,1,1,1,1,1,1,1,1,1,1,1,1,1,1,1,1,1,1,1,1
Du   ,5,1,5,3,3,5,1,1,6,1,2,5,1,1,1,1,1,5,2,1,6,1,1,1,1,4,5,6,2,1,1,1,1,5,4,5,1,1,1,1,1,1,1,1,1,3,1,5,3,1
Mušić,2,9,6,3,1,,,1,3,,,3,,,,8,2,6,,2,,4,2,2,,1,,2,7,1,8,,1,9,,6,,2,,,,1,1,3,,4,1,,,
vanda,5,9,6,6,4,9,2,4,7,1,1,3,5,5,5,9,1,7,1,4,6,1,1,1,9,5,3,7,9,3,8,1,1,3,7,8,4,6,8,5,1,1,3,3,1,9,4,3,6,7